<?xml version="1.0" encoding="utf-8"?>
<!DOCTYPE hibernate-mapping PUBLIC "-//Hibernate/Hibernate Mapping DTD 3.0//EN"
"http://hibernate.sourceforge.net/hibernate-mapping-3.0.dtd">
<!-- 
    Mapping file autogenerated by MyEclipse Persistence Tools
-->
<hibernate-mapping>
    <class name="pk.Person" table="person" catalog="pkemployee">
        <id name="EId" type="java.lang.Integer">
            <column name="e_id" />
            <generator class="identity" />
        </id>
        <property name="name" type="java.lang.String">
            <column name="name" length="5" not-null="true" />
        </property>
        <property name="sex" type="java.lang.String">
            <column name="sex" length="1" not-null="true" />
        </property>
        <property name="birth" type="java.lang.Integer">
            <column name="birth" not-null="true" />
        </property>
        <property name="perId" type="java.lang.Long">
            <column name="per_id" not-null="true" />
        </property>
        <property name="tel" type="java.lang.Long">
            <column name="tel" not-null="true" />
        </property>
        <property name="work" type="java.lang.String">
            <column name="work" length="10" not-null="true" />
        </property>
        <property name="nativeplace" type="java.lang.String">
            <column name="nativeplace" length="10" not-null="true" />
        </property>
    </class>
</hibernate-mapping>
